b,sigma_lat_m,delta_m,effective_delta_m,claim_kind,k,repetitions,false_certificate_applicable,false_lane_certificates,false_certificate_rate,wilson95_low,wilson95_high,conflicting_cooccupancy_runs,conflicting_cooccupancy_rate,conflicting_cooccupancy_wilson95_low,conflicting_cooccupancy_wilson95_high,gate_induced_conflicting_cooccupancy_runs,background_conflicting_cooccupancy_runs,background_conflicting_cooccupancy_rate,prediction_support_coverage,mean_binomial_prediction,mean_binomial_prediction_available_runs,honest_lane_accepts_total,honest_lane_evaluations_total,pooled_q0_empirical,pooled_q1_empirical,mean_honest_lane_accepts,mean_h_lane,mean_b_sig,mean_b_sig_cert,mean_b_sig_attempt,b_sig_attempt_coverage,throughput_veh_per_s,throughput_veh_per_min,wait_mean_s,wait_p95_s,quiet_percent,singleton_quiet_percent,singleton_signed_unknown_percent,singleton_left_turn_forced_percent,mean_throughput_veh_per_s,mean_throughput_veh_per_min,mean_wait_s,p95_wait_s,wait_sample_count,mean_quiet_percent,mean_signed_unknown_singleton_percent,mean_left_table_forced_singleton_percent,mean_quiet_count,mean_signed_unknown_singleton_count,mean_left_table_forced_singleton_count,mean_batch_size
1,0.1,1.75,1.75,FALSE_PHYSICAL_LANE,3.0,20,True,0,0.0,0.0,0.16112515805281938,0,0.0,0.0,0.16112515805281938,0,0,0.0,1.0,0.0,0.0,0,300,0.0,,0.0,15.0,0.0,0.0,1.0,1.0,0.6175463645398696,37.052781872392174,25.911875,34.715,6.25,6.25,0.0,43.75,0.6175463645398696,37.052781872392174,25.911875,34.715,320,6.25,0.0,43.75,1.0,0.0,7.0,1.145619658119658
1,0.3,1.75,1.75,FALSE_PHYSICAL_LANE,3.0,20,True,0,0.0,0.0,0.16112515805281938,0,0.0,0.0,0.16112515805281938,0,0,0.0,1.0,1.9095639141645232e-10,1.9095639141645232e-10,0,300,0.0,,0.0,15.0,0.0,0.0,1.0,1.0,0.6156607718336148,36.93964631001688,25.9909375,35.2,6.25,6.25,0.0,43.75,0.6156607718336148,36.93964631001688,25.9909375,35.2,320,6.25,0.0,43.75,1.0,0.0,7.0,1.1540667665667665
1,0.5,1.75,1.75,FALSE_PHYSICAL_LANE,3.0,20,True,17,0.85,0.6395811352592431,0.9476312541037835,17,0.85,0.6395811352592431,0.9476312541037835,17,0,0.0,1.0,0.46305391621129754,0.46305391621129754,110,285,0.38596491228070173,,5.5,14.25,0.85,0.85,1.0,1.0,0.4996112759885085,29.97667655931051,32.4909375,42.225,0.9375,0.9375,0.0,43.75,0.4996112759885085,29.97667655931051,32.4909375,42.225,320,0.9375,0.0,43.75,0.15,0.0,7.0,1.2762137862137861
1,0.7,1.75,1.75,FALSE_PHYSICAL_LANE,3.0,20,True,20,1.0,0.8388748419471806,1.0,20,1.0,0.8388748419471806,1.0,20,0,0.0,1.0,0.9141880534729223,0.9141880534729223,177,258,0.686046511627907,,8.85,12.9,1.0,1.0,1.0,1.0,0.45707250095422935,27.42435005725376,35.191562499999996,43.5,0.0,0.0,0.0,43.75,0.45707250095422935,27.42435005725376,35.191562499999996,43.5,320,0.0,0.0,43.75,0.0,0.0,7.0,1.2610722610722611
1,1.0,1.75,1.75,FALSE_PHYSICAL_LANE,3.0,20,True,20,1.0,0.8388748419471806,1.0,20,1.0,0.8388748419471806,1.0,20,0,0.0,1.0,0.9832448014433577,0.9832448014433577,191,214,0.8925233644859814,,9.55,10.7,1.0,1.0,1.0,1.0,0.4686057352045212,28.116344112271275,34.3953125,43.4,0.0,0.0,0.0,43.75,0.4686057352045212,28.116344112271275,34.3953125,43.4,320,0.0,0.0,43.75,0.0,0.0,7.0,1.2478021978021978
1,1.5,1.75,1.75,FALSE_PHYSICAL_LANE,3.0,20,True,20,1.0,0.8388748419471806,1.0,20,1.0,0.8388748419471806,1.0,20,0,0.0,1.0,0.9992305614702162,0.9992305614702162,172,173,0.9942196531791907,,8.6,8.65,1.0,1.0,1.0,1.0,0.4739665744567626,28.437994467405755,34.0190625,43.02,0.0,0.0,0.0,43.75,0.4739665744567626,28.437994467405755,34.0190625,43.02,320,0.0,0.0,43.75,0.0,0.0,7.0,1.2727564102564102
1,2.0,1.75,1.75,FALSE_PHYSICAL_LANE,3.0,20,True,20,1.0,0.8388748419471806,1.0,20,1.0,0.8388748419471806,1.0,20,0,0.0,1.0,0.9917600502998581,0.9917600502998581,159,159,1.0,,7.95,7.95,1.0,1.0,1.0,1.0,0.46974012592338027,28.184407555402817,34.3,43.0,0.0,0.0,0.0,43.75,0.46974012592338027,28.184407555402817,34.3,43.0,320,0.0,0.0,43.75,0.0,0.0,7.0,1.2736913086913086
2,0.1,1.75,1.75,FALSE_PHYSICAL_LANE,3.0,20,True,0,0.0,0.0,0.16112515805281938,0,0.0,0.0,0.16112515805281938,0,0,0.0,1.0,0.0,0.0,0,280,0.0,,0.0,14.0,0.0,0.0,2.0,1.0,0.6180044161969437,37.08026497181662,25.891875,34.715,6.25,6.25,0.0,43.75,0.6180044161969437,37.08026497181662,25.891875,34.715,320,6.25,0.0,43.75,1.0,0.0,7.0,1.1484432234432234
2,0.3,1.75,1.75,FALSE_PHYSICAL_LANE,3.0,20,True,0,0.0,0.0,0.16112515805281938,0,0.0,0.0,0.16112515805281938,0,0,0.0,1.0,2.7263629480408053e-08,2.7263629480408053e-08,0,279,0.0,,0.0,13.95,0.0,0.0,2.0,1.0,0.6174962963758979,37.04977778255387,25.916875,34.510000000000005,6.25,6.25,0.0,43.75,0.6174962963758979,37.04977778255387,25.916875,34.510000000000005,320,6.25,0.0,43.75,1.0,0.0,7.0,1.1680044955044955
2,0.5,1.75,1.75,FALSE_PHYSICAL_LANE,3.0,20,True,16,0.8,0.5839825677481064,0.919342337420202,16,0.8,0.5839825677481064,0.919342337420202,16,0,0.0,1.0,0.6255703088823886,0.6255703088823886,97,269,0.36059479553903345,,4.85,13.45,1.55,1.55,1.95,1.0,0.4952244368250925,29.713466209505548,32.888125,43.114999999999995,1.25,1.25,0.0,43.75,0.4952244368250925,29.713466209505548,32.888125,43.114999999999995,320,1.25,0.0,43.75,0.2,0.0,7.0,1.2236122211122211
2,0.7,1.75,1.75,FALSE_PHYSICAL_LANE,3.0,20,True,20,1.0,0.8388748419471806,1.0,20,1.0,0.8388748419471806,1.0,20,0,0.0,1.0,0.9509157550886831,0.9509157550886831,176,254,0.6929133858267716,,8.8,12.7,1.5,1.5,1.5,1.0,0.4837803966304322,29.026823797825934,33.33625,42.6,0.0,0.0,0.0,43.75,0.4837803966304322,29.026823797825934,33.33625,42.6,320,0.0,0.0,43.75,0.0,0.0,7.0,1.2674825174825175
2,1.0,1.75,1.75,FALSE_PHYSICAL_LANE,3.0,20,True,20,1.0,0.8388748419471806,1.0,20,1.0,0.8388748419471806,1.0,20,0,0.0,1.0,0.9969926933845942,0.9969926933845942,215,249,0.8634538152610441,,10.75,12.45,1.5,1.5,1.5,1.0,0.4634901222998642,27.80940733799185,34.7609375,43.5,0.0,0.0,0.0,43.75,0.4634901222998642,27.80940733799185,34.7609375,43.5,320,0.0,0.0,43.75,0.0,0.0,7.0,1.2482517482517483
2,1.5,1.75,1.75,FALSE_PHYSICAL_LANE,3.0,20,True,20,1.0,0.8388748419471806,1.0,20,1.0,0.8388748419471806,1.0,20,0,0.0,1.0,0.9996465616818272,0.9996465616818272,197,202,0.9752475247524752,,9.85,10.1,1.1,1.1,1.1,1.0,0.4725807436647194,28.354844619883163,34.11875,43.025000000000006,0.0,0.0,0.0,43.75,0.4725807436647194,28.354844619883163,34.11875,43.025000000000006,320,0.0,0.0,43.75,0.0,0.0,7.0,1.3008491508491509
2,2.0,1.75,1.75,FALSE_PHYSICAL_LANE,3.0,20,True,20,1.0,0.8388748419471806,1.0,20,1.0,0.8388748419471806,1.0,20,0,0.0,1.0,0.999732900304059,0.999732900304059,196,198,0.98989898989899,,9.8,9.9,1.15,1.15,1.15,1.0,0.4622366974992954,27.734201849957724,34.86,43.5,0.0,0.0,0.0,43.75,0.4622366974992954,27.734201849957724,34.86,43.5,320,0.0,0.0,43.75,0.0,0.0,7.0,1.2545843045843046
3,0.1,1.75,1.75,FALSE_PHYSICAL_LANE,3.0,20,True,0,0.0,0.0,0.16112515805281938,0,0.0,0.0,0.16112515805281938,0,0,0.0,1.0,0.0,0.0,0,260,0.0,,0.0,13.0,0.0,0.0,3.0,1.0,0.6156352256634579,36.93811353980747,25.99125,35.0,6.25,6.25,0.0,43.75,0.6156352256634579,36.93811353980747,25.99125,35.0,320,6.25,0.0,43.75,1.0,0.0,7.0,1.1567099567099566
3,0.3,1.75,1.75,FALSE_PHYSICAL_LANE,3.0,20,True,0,0.0,0.0,0.16112515805281938,0,0.0,0.0,0.16112515805281938,0,0,0.0,1.0,3.4347378632108923e-06,3.4347378632108923e-06,0,260,0.0,,0.0,13.0,0.0,0.0,3.0,1.0,0.6159520637687024,36.95712382612214,25.9784375,35.010000000000005,6.25,6.25,0.0,43.75,0.6159520637687024,36.95712382612214,25.9784375,35.010000000000005,320,6.25,0.0,43.75,1.0,0.0,7.0,1.1333241758241759
3,0.5,1.75,1.75,FALSE_PHYSICAL_LANE,3.0,20,True,17,0.85,0.6395811352592431,0.9476312541037835,17,0.85,0.6395811352592431,0.9476312541037835,17,0,0.0,1.0,0.786165092784531,0.786165092784531,81,254,0.3188976377952756,,4.05,12.7,2.5,2.5,2.95,1.0,0.4852548324795265,29.11528994877159,33.5178125,43.4,0.9375,0.9375,0.0,43.75,0.4852548324795265,29.11528994877159,33.5178125,43.4,320,0.9375,0.0,43.75,0.15,0.0,7.0,1.2322427572427572
3,0.7,1.75,1.75,FALSE_PHYSICAL_LANE,3.0,20,True,20,1.0,0.8388748419471806,1.0,20,1.0,0.8388748419471806,1.0,20,0,0.0,1.0,0.9545814787331212,0.9545814787331212,155,223,0.695067264573991,,7.75,11.15,2.7,2.7,2.7,1.0,0.4561026935550051,27.366161613300306,35.2975,43.5,0.0,0.0,0.0,43.75,0.4561026935550051,27.366161613300306,35.2975,43.5,320,0.0,0.0,43.75,0.0,0.0,7.0,1.271346153846154
3,1.0,1.75,1.75,FALSE_PHYSICAL_LANE,3.0,20,True,20,1.0,0.8388748419471806,1.0,20,1.0,0.8388748419471806,1.0,20,0,0.0,1.0,0.9935375376014706,0.9935375376014706,173,200,0.865,,8.65,10.0,2.35,2.35,2.35,1.0,0.47610485381795725,28.566291229077436,33.86125,43.02,0.3125,0.3125,0.0,43.75,0.47610485381795725,28.566291229077436,33.86125,43.02,320,0.3125,0.0,43.75,0.05,0.0,7.0,1.2796328671328672
3,1.5,1.75,1.75,FALSE_PHYSICAL_LANE,3.0,20,True,20,1.0,0.8388748419471806,1.0,20,1.0,0.8388748419471806,1.0,20,0,0.0,1.0,0.9994477362987675,0.9994477362987675,136,139,0.9784172661870504,,6.8,6.95,2.0,2.0,2.0,1.0,0.4695905740382689,28.175434442296137,34.3328125,42.714999999999996,0.0,0.0,0.0,43.75,0.4695905740382689,28.175434442296137,34.3328125,42.714999999999996,320,0.0,0.0,43.75,0.0,0.0,7.0,1.3056526806526807
3,2.0,1.75,1.75,FALSE_PHYSICAL_LANE,3.0,20,True,20,1.0,0.8388748419471806,1.0,20,1.0,0.8388748419471806,1.0,20,0,0.0,1.0,0.9966641042385629,0.9966641042385629,146,147,0.9931972789115646,,7.3,7.35,2.0,2.0,2.0,1.0,0.47384761401216463,28.430856840729877,34.02625,43.0,0.0,0.0,0.0,43.75,0.47384761401216463,28.430856840729877,34.02625,43.0,320,0.0,0.0,43.75,0.0,0.0,7.0,1.2786771561771562
4,0.1,1.75,1.75,FALSE_PHYSICAL_LANE,3.0,20,True,0,0.0,0.0,0.16112515805281938,0,0.0,0.0,0.16112515805281938,0,0,0.0,1.0,0.0,0.0,0,240,0.0,,0.0,12.0,0.0,0.0,4.0,1.0,0.6160986730316851,36.96592038190111,25.9728125,34.715,6.25,6.25,0.0,43.75,0.6160986730316851,36.96592038190111,25.9728125,34.715,320,6.25,0.0,43.75,1.0,0.0,7.0,1.1551073926073925
4,0.3,1.75,1.75,FALSE_PHYSICAL_LANE,3.0,20,True,0,0.0,0.0,0.16112515805281938,0,0.0,0.0,0.16112515805281938,0,0,0.0,1.0,0.00034479757077340655,0.00034479757077340655,0,240,0.0,,0.0,12.0,0.0,0.0,4.0,1.0,0.6152660689039415,36.915964134236496,26.0075,35.2,6.25,6.25,0.0,43.75,0.6152660689039415,36.915964134236496,26.0075,35.2,320,6.25,0.0,43.75,1.0,0.0,7.0,1.153130203130203
4,0.5,1.75,1.75,FALSE_PHYSICAL_LANE,3.0,20,True,17,0.85,0.6395811352592431,0.9476312541037835,17,0.85,0.6395811352592431,0.9476312541037835,17,0,0.0,1.0,0.8948972426633895,0.8948972426633895,66,236,0.2796610169491525,,3.3,11.8,3.25,3.25,3.85,1.0,0.48846218195802427,29.307730917481454,33.2753125,43.02,0.9375,0.9375,0.0,43.75,0.48846218195802427,29.307730917481454,33.2753125,43.02,320,0.9375,0.0,43.75,0.15,0.0,7.0,1.2347652347652347
4,0.7,1.75,1.75,FALSE_PHYSICAL_LANE,3.0,20,True,20,1.0,0.8388748419471806,1.0,20,1.0,0.8388748419471806,1.0,20,0,0.0,1.0,0.9794429860780076,0.9794429860780076,160,224,0.7142857142857143,,8.0,11.2,2.8,2.8,2.8,1.0,0.45843425079812045,27.506055047887227,35.1209375,43.405,0.0,0.0,0.0,43.75,0.45843425079812045,27.506055047887227,35.1209375,43.405,320,0.0,0.0,43.75,0.0,0.0,7.0,1.2737920412920412
4,1.0,1.75,1.75,FALSE_PHYSICAL_LANE,3.0,20,True,20,1.0,0.8388748419471806,1.0,20,1.0,0.8388748419471806,1.0,20,0,0.0,1.0,0.993456360941197,0.993456360941197,159,179,0.888268156424581,,7.95,8.95,2.25,2.25,2.25,1.0,0.4558455011644266,27.350730069865598,35.2978125,43.505,0.0,0.0,0.0,43.75,0.4558455011644266,27.350730069865598,35.2978125,43.505,320,0.0,0.0,43.75,0.0,0.0,7.0,1.2827331002331002
4,1.5,1.75,1.75,FALSE_PHYSICAL_LANE,3.0,20,True,20,1.0,0.8388748419471806,1.0,20,1.0,0.8388748419471806,1.0,20,0,0.0,1.0,0.9933723283499557,0.9933723283499557,161,166,0.9698795180722891,,8.05,8.3,2.15,2.15,2.15,1.0,0.48655784860952983,29.19347091657179,33.125625,42.199999999999996,0.0,0.0,0.0,43.75,0.48655784860952983,29.19347091657179,33.125625,42.199999999999996,320,0.0,0.0,43.75,0.0,0.0,7.0,1.2705877455877457
4,2.0,1.75,1.75,FALSE_PHYSICAL_LANE,3.0,20,True,20,1.0,0.8388748419471806,1.0,20,1.0,0.8388748419471806,1.0,20,0,0.0,1.0,0.9999355516320605,0.9999355516320605,140,140,1.0,,7.0,7.0,2.05,2.05,2.05,1.0,0.4824210048012619,28.945260288075712,33.423125,42.699999999999996,0.0,0.0,0.0,43.75,0.4824210048012619,28.945260288075712,33.423125,42.699999999999996,320,0.0,0.0,43.75,0.0,0.0,7.0,1.284102564102564
5,0.1,1.75,1.75,FALSE_PHYSICAL_LANE,3.0,20,True,0,0.0,0.0,0.16112515805281938,0,0.0,0.0,0.16112515805281938,0,0,0.0,1.0,0.0,0.0,0,220,0.0,,0.0,11.0,0.0,0.0,5.0,1.0,0.6182609385700261,37.09565631420156,25.8828125,34.7,6.25,6.25,0.0,43.75,0.6182609385700261,37.09565631420156,25.8828125,34.7,320,6.25,0.0,43.75,1.0,0.0,7.0,1.171971916971917
5,0.3,1.75,1.75,FALSE_PHYSICAL_LANE,3.0,20,True,0,0.0,0.0,0.16112515805281938,0,0.0,0.0,0.16112515805281938,0,0,0.0,1.0,0.02504615739285477,0.02504615739285477,0,220,0.0,,0.0,11.0,0.0,0.0,5.0,1.0,0.6167008213841036,37.00204928304622,25.9478125,34.7,6.25,6.25,0.0,43.75,0.6167008213841036,37.00204928304622,25.9478125,34.7,320,6.25,0.0,43.75,1.0,0.0,7.0,1.1631410256410255
5,0.5,1.75,1.75,FALSE_PHYSICAL_LANE,3.0,20,True,19,0.95,0.763868806553258,0.9911185511992047,19,0.95,0.763868806553258,0.9911185511992047,19,0,0.0,1.0,0.8620003037663846,0.8620003037663846,64,206,0.3106796116504854,,3.2,10.3,4.05,4.05,4.3,1.0,0.48280614867196536,28.96836892031792,33.4875,43.0,0.3125,0.3125,0.0,43.75,0.48280614867196536,28.96836892031792,33.4875,43.0,320,0.3125,0.0,43.75,0.05,0.0,7.0,1.2530344655344654
5,0.7,1.75,1.75,FALSE_PHYSICAL_LANE,3.0,20,True,20,1.0,0.8388748419471806,1.0,20,1.0,0.8388748419471806,1.0,20,0,0.0,1.0,0.9711715716096281,0.9711715716096281,127,188,0.675531914893617,,6.35,9.4,3.65,3.65,3.65,1.0,0.4552576615222126,27.315459691332755,35.3496875,43.5,0.0,0.0,0.0,43.75,0.4552576615222126,27.315459691332755,35.3496875,43.5,320,0.0,0.0,43.75,0.0,0.0,7.0,1.251602564102564
5,1.0,1.75,1.75,FALSE_PHYSICAL_LANE,3.0,20,True,20,1.0,0.8388748419471806,1.0,20,1.0,0.8388748419471806,1.0,20,0,0.0,1.0,0.9964858535266593,0.9964858535266593,148,171,0.8654970760233918,,7.4,8.55,3.4,3.4,3.4,1.0,0.4788467276126653,28.730803656759917,33.6721875,42.699999999999996,0.0,0.0,0.0,43.75,0.4788467276126653,28.730803656759917,33.6721875,42.699999999999996,320,0.0,0.0,43.75,0.0,0.0,7.0,1.3043822843822843
5,1.5,1.75,1.75,FALSE_PHYSICAL_LANE,3.0,20,True,20,1.0,0.8388748419471806,1.0,20,1.0,0.8388748419471806,1.0,20,0,0.0,1.0,0.9998573806486796,0.9998573806486796,145,150,0.9666666666666667,,7.25,7.5,3.05,3.05,3.05,1.0,0.46874426638556566,28.124655983133938,34.38125,43.405,0.0,0.0,0.0,43.75,0.46874426638556566,28.124655983133938,34.38125,43.405,320,0.0,0.0,43.75,0.0,0.0,7.0,1.2767540792540792
5,2.0,1.75,1.75,FALSE_PHYSICAL_LANE,3.0,20,True,20,1.0,0.8388748419471806,1.0,20,1.0,0.8388748419471806,1.0,20,0,0.0,1.0,0.9999743578161011,0.9999743578161011,136,138,0.9855072463768116,,6.8,6.9,3.15,3.15,3.15,1.0,0.4679163057974041,28.074978347844247,34.4390625,43.5,0.0,0.0,0.0,43.75,0.4679163057974041,28.074978347844247,34.4390625,43.5,320,0.0,0.0,43.75,0.0,0.0,7.0,1.2856809856809857
6,0.1,1.75,1.75,FALSE_PHYSICAL_LANE,3.0,20,True,20,1.0,0.8388748419471806,1.0,20,1.0,0.8388748419471806,1.0,20,0,0.0,1.0,1.0,1.0,0,200,0.0,,0.0,10.0,6.0,6.0,6.0,1.0,0.47025490185932245,28.215294111559345,34.285,43.4,0.0,0.0,0.0,43.75,0.47025490185932245,28.215294111559345,34.285,43.4,320,0.0,0.0,43.75,0.0,0.0,7.0,1.271070596070596
6,0.3,1.75,1.75,FALSE_PHYSICAL_LANE,3.0,20,True,20,1.0,0.8388748419471806,1.0,20,1.0,0.8388748419471806,1.0,20,0,0.0,1.0,1.0,1.0,0,200,0.0,,0.0,10.0,6.0,6.0,6.0,1.0,0.46873204918052186,28.12392295083131,34.379375,43.4,0.0,0.0,0.0,43.75,0.46873204918052186,28.12392295083131,34.379375,43.4,320,0.0,0.0,43.75,0.0,0.0,7.0,1.2860839160839161
6,0.5,1.75,1.75,FALSE_PHYSICAL_LANE,3.0,20,True,20,1.0,0.8388748419471806,1.0,20,1.0,0.8388748419471806,1.0,20,0,0.0,1.0,0.8795600805112753,0.8795600805112753,62,199,0.31155778894472363,,3.1,9.95,4.3,4.3,4.3,1.0,0.450547769485466,27.03286616912796,35.6721875,45.2,0.0,0.0,0.0,43.75,0.450547769485466,27.03286616912796,35.6721875,45.2,320,0.0,0.0,43.75,0.0,0.0,7.0,1.2729062604062604
6,0.7,1.75,1.75,FALSE_PHYSICAL_LANE,3.0,20,True,20,1.0,0.8388748419471806,1.0,20,1.0,0.8388748419471806,1.0,20,0,0.0,1.0,0.9690001880871055,0.9690001880871055,114,173,0.6589595375722543,,5.7,8.65,3.7,3.7,3.7,1.0,0.4650502563238247,27.903015379429483,34.644687499999996,43.5,0.0,0.0,0.0,43.75,0.4650502563238247,27.903015379429483,34.644687499999996,43.5,320,0.0,0.0,43.75,0.0,0.0,7.0,1.275402097902098
6,1.0,1.75,1.75,FALSE_PHYSICAL_LANE,3.0,20,True,20,1.0,0.8388748419471806,1.0,20,1.0,0.8388748419471806,1.0,20,0,0.0,1.0,0.9952635880045312,0.9952635880045312,130,143,0.9090909090909091,,6.5,7.15,3.3,3.3,3.3,1.0,0.46518946367901415,27.91136782074085,34.6428125,43.5,0.0,0.0,0.0,43.75,0.46518946367901415,27.91136782074085,34.6428125,43.5,320,0.0,0.0,43.75,0.0,0.0,7.0,1.268444055944056
6,1.5,1.75,1.75,FALSE_PHYSICAL_LANE,3.0,20,True,20,1.0,0.8388748419471806,1.0,20,1.0,0.8388748419471806,1.0,20,0,0.0,1.0,0.9998363157059357,0.9998363157059357,133,135,0.9851851851851852,,6.65,6.75,3.05,3.05,3.05,1.0,0.46493780656492256,27.896268393895355,34.6678125,43.5,0.0,0.0,0.0,43.75,0.46493780656492256,27.896268393895355,34.6678125,43.5,320,0.0,0.0,43.75,0.0,0.0,7.0,1.2544230769230769
6,2.0,1.75,1.75,FALSE_PHYSICAL_LANE,3.0,20,True,20,1.0,0.8388748419471806,1.0,20,1.0,0.8388748419471806,1.0,20,0,0.0,1.0,0.9974962830175901,0.9974962830175901,124,125,0.992,,6.2,6.25,3.1,3.1,3.1,1.0,0.4652620584773611,27.915723508641666,34.6321875,43.405,0.0,0.0,0.0,43.75,0.4652620584773611,27.915723508641666,34.6321875,43.405,320,0.0,0.0,43.75,0.0,0.0,7.0,1.2725757575757575
