time_s,vehicle_id,channel_utilization
0.200,11,0.0000
0.300,11,0.0043
0.400,11,0.0122
0.500,11,0.0367
0.600,11,0.0635
0.700,11,0.0825
0.800,11,0.0811
0.900,11,0.1071
1.000,11,0.1175
1.100,11,0.1341
1.200,11,0.1136
1.300,11,0.1369
1.400,11,0.1247
1.500,11,0.1433
1.600,11,0.1395
1.700,11,0.1359
1.800,11,0.1365
1.900,11,0.1442
2.000,11,0.1158
2.100,11,0.1052
2.200,11,0.1006
2.300,11,0.1141
2.400,11,0.1277
2.500,11,0.1123
2.600,11,0.1434
2.700,11,0.1273
2.800,11,0.1206
2.900,11,0.1111
3.000,11,0.1156
3.100,11,0.1141
3.200,11,0.1143
3.300,11,0.1211
3.400,11,0.1057
3.500,11,0.1185
3.600,11,0.1324
3.700,11,0.1286
3.800,11,0.1226
3.900,11,0.1228
4.000,11,0.1143
4.100,11,0.1200
4.200,11,0.1286
4.300,11,0.1300
4.400,11,0.1316
4.500,11,0.1219
4.600,11,0.1204
4.700,11,0.1203
4.800,11,0.1249
4.900,11,0.1412
5.000,11,0.1319
5.100,11,0.1216
5.200,11,0.1520
5.300,11,0.1363
5.400,11,0.1329
5.500,11,0.1337
5.600,11,0.1299
5.700,11,0.1282
5.800,11,0.1347
5.900,11,0.1325
6.000,11,0.1288
6.100,11,0.1373
6.200,11,0.1338
6.300,11,0.1204
6.400,11,0.1093
6.500,11,0.1476
6.600,11,0.1138
6.700,11,0.1123
6.800,11,0.1323
6.900,11,0.1377
7.000,11,0.1207
7.100,11,0.1302
7.200,11,0.1314
7.300,11,0.1253
7.400,11,0.1217
7.500,11,0.1231
7.600,11,0.1423
7.700,11,0.1239
7.800,11,0.1286
7.900,11,0.1388
8.000,11,0.1368
8.100,11,0.1329
8.200,11,0.1464
8.300,11,0.1399
8.400,11,0.1385
8.500,11,0.1343
8.600,11,0.1409
8.700,11,0.1414
8.800,11,0.1287
8.900,11,0.1472
9.000,11,0.1382
9.100,11,0.1308
9.200,11,0.1504
9.300,11,0.1347
9.400,11,0.1490
9.500,11,0.1405
9.600,11,0.1223
9.700,11,0.1430
9.800,11,0.1451
9.900,11,0.1446
10.000,11,0.1241
10.100,11,0.1384
10.200,11,0.1393
10.300,11,0.1483
10.400,11,0.1487
10.500,11,0.1382
10.600,11,0.1422
10.700,11,0.1481
10.800,11,0.1550
10.900,11,0.1622
11.000,11,0.1555
11.100,11,0.2016
11.200,11,0.2051
11.300,11,0.2500
11.400,11,0.3411
11.500,11,0.3492
11.600,11,0.3197
11.700,11,0.3263
11.800,11,0.2188
11.900,11,0.2688
12.000,11,0.3037
12.100,11,0.2856
12.200,11,0.2609
12.300,11,0.2903
12.400,11,0.2648
12.500,11,0.2278
12.600,11,0.2186
12.700,11,0.2332
12.800,11,0.3211
12.900,11,0.2902
13.000,11,0.2854
13.100,11,0.3416
13.200,11,0.4133
13.300,11,0.3681
13.400,11,0.3671
13.500,11,0.3736
13.600,11,0.3951
13.700,11,0.3063
13.800,11,0.3250
13.900,11,0.3321
14.000,11,0.2817
14.100,11,0.2716
14.200,11,0.3119
14.300,11,0.2868
14.400,11,0.3519
14.500,11,0.4525
14.600,11,0.3359
14.700,11,0.3528
14.800,11,0.3937
14.900,11,0.3462
15.000,11,0.3387
15.100,11,0.2882
15.200,11,0.2594
15.300,11,0.2712
15.400,11,0.2116
15.500,11,0.2730
15.600,11,0.2542
15.700,11,0.2443
15.800,11,0.2295
15.900,11,0.2488
16.000,11,0.2675
16.100,11,0.2974
16.200,11,0.3017
16.300,11,0.3096
16.400,11,0.2880
16.500,11,0.2886
16.600,11,0.3456
16.700,11,0.3285
16.800,11,0.2499
16.900,11,0.2565
17.000,11,0.3709
17.100,11,0.4011
17.200,11,0.3565
17.300,11,0.3107
17.400,11,0.3042
17.500,11,0.2043
17.600,11,0.1686
17.700,11,0.1678
17.800,11,0.1608
17.900,11,0.2047
18.000,11,0.2342
18.100,11,0.2317
18.200,11,0.3266
18.300,11,0.3197
18.400,11,0.1813
18.500,11,0.2407
18.600,11,0.1890
18.700,11,0.1476
18.800,11,0.1416
18.900,11,0.1477
19.000,11,0.1485
19.100,11,0.1065
19.200,11,0.1161
19.300,11,0.1381
19.400,11,0.1045
19.500,11,0.1250
19.600,11,0.2406
19.700,11,0.2555
19.800,11,0.2771
19.900,11,0.1746
20.000,11,0.1030
20.100,11,0.0412
20.200,11,0.0206
20.300,11,0.0000
20.400,11,0.0000
20.500,11,0.0000
20.600,11,0.0000
20.700,11,0.0000
20.800,11,0.0563
20.900,11,0.0303
21.000,11,0.0000
21.100,11,0.0000
21.200,11,0.0000
21.300,11,0.0000
21.400,11,0.0000
21.500,11,0.0000
21.600,11,0.0000
21.700,11,0.0000
21.800,11,0.0000
21.900,11,0.0000
22.000,11,0.0000
22.100,11,0.0000
22.200,11,0.0000
22.300,11,0.0000
22.400,11,0.0000
22.500,11,0.0000
22.600,11,0.0000
22.700,11,0.0000
22.800,11,0.0566
22.900,11,0.0303
23.000,11,0.0000
23.100,11,0.0000
23.200,11,0.0000
23.300,11,0.0000
23.400,11,0.0000
23.500,11,0.0000
23.600,11,0.0000
23.700,11,0.0000
23.800,11,0.0000
23.900,11,0.0000
24.000,11,0.0000
24.100,11,0.0000
24.200,11,0.0000
24.300,11,0.0000
24.400,11,0.0000
24.500,11,0.0000
24.600,11,0.0000
24.700,11,0.0000
24.800,11,0.0000
24.900,11,0.0000
25.000,11,0.0000
25.100,11,0.0000
25.200,11,0.0000
25.300,11,0.0000
25.400,11,0.0000
25.500,11,0.0000
25.600,11,0.0000
25.700,11,0.0000
25.800,11,0.0000
25.900,11,0.0000
26.000,11,0.0000
26.100,11,0.0000
26.200,11,0.0000
26.300,11,0.0000
26.400,11,0.0000
26.500,11,0.0000
26.600,11,0.0000
26.700,11,0.0000
26.800,11,0.0521
26.900,11,0.0303
27.000,11,0.0000
27.100,11,0.0000
27.200,11,0.0000
27.300,11,0.0000
27.400,11,0.0000
27.500,11,0.0000
27.600,11,0.0000
27.700,11,0.0000
27.800,11,0.0000
27.900,11,0.0000
28.000,11,0.0000
28.100,11,0.0000
28.200,11,0.0000
28.300,11,0.0000
28.400,11,0.0000
28.500,11,0.0000
28.600,11,0.0000
28.700,11,0.0000
28.800,11,0.0000
28.900,11,0.0000
29.000,11,0.0000
29.100,11,0.0000
29.200,11,0.0000
29.300,11,0.0000
29.400,11,0.0000
29.500,11,0.0000
29.600,11,0.0000
29.700,11,0.0000
29.800,11,0.0000
29.900,11,0.0000
30.000,11,0.0000
30.100,11,0.0000
30.200,11,0.0000
30.300,11,0.0000
30.400,11,0.0000
30.500,11,0.0000
30.600,11,0.0000
30.700,11,0.0000
30.800,11,0.0000
30.900,11,0.0000
31.000,11,0.0000
31.100,11,0.0000
31.200,11,0.0000
31.300,11,0.0000
31.400,11,0.0000
31.500,11,0.0000
31.600,11,0.0000
31.700,11,0.0000
31.800,11,0.0000
31.900,11,0.0000
32.000,11,0.0000
32.100,11,0.0000
32.200,11,0.0000
32.300,11,0.0000
32.400,11,0.0000
32.500,11,0.0000
32.600,11,0.0000
32.700,11,0.0000
32.800,11,0.0000
32.900,11,0.0000
33.000,11,0.0000
33.100,11,0.0000
33.200,11,0.0000
33.300,11,0.0000
33.400,11,0.0000
33.500,11,0.0000
33.600,11,0.0000
33.700,11,0.0000
33.800,11,0.0000
33.900,11,0.0000
34.000,11,0.0000
34.100,11,0.0000
34.200,11,0.0000
34.300,11,0.0000
34.400,11,0.0000
34.500,11,0.0000
34.600,11,0.0000
34.700,11,0.0000
34.800,11,0.0565
34.900,11,0.0349
35.000,11,0.0044
35.100,11,0.0000
35.200,11,0.0000
35.300,11,0.0000
35.400,11,0.0000
35.500,11,0.0000
35.600,11,0.0000
35.700,11,0.0000
35.800,11,0.0000
35.900,11,0.0043
36.000,11,0.0044
36.100,11,0.0000
